Alias
===

别名使得查询程序更易阅读和书写，Alias 语法：
```
表的 Alias 语法：
SELECT column_name(s) FROM table_name AS alias_name

列的 Alias 语法：
SELECT column_name AS alias_name FROM table_name
```

### 示例

```
表名：people, it
mysql> SELECT * FROM it;
+----+---------+--------+
| id | company | number |
+----+---------+--------+
|  1 | IBM     |      3 |
|  2 | Google  |      6 |
|  3 | Apple   |      4 |
|  4 | Google  |      2 |
+----+---------+--------+
4 rows in set (0.05 sec)

mysql> SELECT * FROM people;
+----+-----------+------------+----------------+----------+
| id | last_name | first_name | address        | city     |
+----+-----------+------------+----------------+----------+
|  1 | Ada       | John       | Oxford Street  | London   |
|  2 | Bush      | George     | Fifth Avenue   | New York |
|  3 | Carter    | Thomas     | Changan Street | Beijing  |
+----+-----------+------------+----------------+----------+
3 rows in set (0.00 sec)

1. 使用表名的别名：

不使用别名
mysql> SELECT it.number, people.last_name, people.first_name FROM it, people WHERE 
people.last_name = 'Ada' AND people.first_name = 'John';
使用别名
mysql> SELECt i.number, p.last_name, p.first_name FROM it AS i, people AS p WHERE 
p.last_name = 'Ada' AND p.first_name = 'John';
+--------+-----------+------------+
| number | last_name | first_name |
+--------+-----------+------------+
|      3 | Ada       | John       |
|      6 | Ada       | John       |
|      4 | Ada       | John       |
|      2 | Ada       | John       |
+--------+-----------+------------+
4 rows in set (0.01 sec)


2. 使用列名的别名：
mysql> SELECT last_name AS last, first_name AS first FROM people;
+--------+--------+
| last   | first  |
+--------+--------+
| Ada    | John   |
| Bush   | George |
| Carter | Thomas |
+--------+--------+
3 rows in set (0.00 sec)
```
