FORMAT()
===

FORMAT 函数用于对字段的显示进行格式化。语法：

```
SELECT FORMAT(column_name,format) FROM table_name
```
|        参数      |   描述                                     |
|:-----------------|:-------------------------------------------|
| column_name      | 必需。要四舍五入字段。
| format           | 必需。规定格式。

### 示例

```
mysql> SELECT * FROM orders;
+----+--------+-----------+
| id | number | id_people |
+----+--------+-----------+
|  1 |    100 |         3 |
|  2 |    200 |         3 |
|  3 |    300 |         1 |
|  4 |    400 |         1 |
|  5 |    500 |         9 |
+----+--------+-----------+
5 rows in set (0.00 sec)

mysql> SELECT number, FORMAT(Now(),'YYYY-MM-DD') as time FROM orders;
+--------+---------------------+
| number | time                |
+--------+---------------------+
|    100 | 09/12/2015          |
|    200 | 09/12/2015          |
|    300 | 09/12/2015          |
|    400 | 09/12/2015          |
|    500 | 09/12/2015          |
+--------+---------------------+
5 rows in set (0.00 sec)
```
